<?xml version="1.0" encoding="UTF-8"?>
<GenRun Id="impl_1" LaunchPart="xc7a35tcpg236-1" LaunchTime="1686319547">
  <File Type="ROUTE-PWR" Name="NanoProcessor_power_routed.rpt"/>
  <File Type="PA-TCL" Name="NanoProcessor.tcl"/>
  <File Type="BITSTR-BMM" Name="NanoProcessor_bd.bmm"/>
  <File Type="ROUTE-PWR-SUM" Name="NanoProcessor_power_summary_routed.pb"/>
  <File Type="REPORTS-TCL" Name="NanoProcessor_reports.tcl"/>
  <File Type="OPT-DCP" Name="NanoProcessor_opt.dcp"/>
  <File Type="OPT-DRC" Name="NanoProcessor_drc_opted.rpt"/>
  <File Type="OPT-HWDEF" Name="NanoProcessor.hwdef"/>
  <File Type="PWROPT-DCP" Name="NanoProcessor_pwropt.dcp"/>
  <File Type="PLACE-DCP" Name="NanoProcessor_placed.dcp"/>
  <File Type="PLACE-IO" Name="NanoProcessor_io_placed.rpt"/>
  <File Type="PLACE-UTIL" Name="NanoProcessor_utilization_placed.rpt"/>
  <File Type="PLACE-UTIL-PB" Name="NanoProcessor_utilization_placed.pb"/>
  <File Type="PLACE-CTRL" Name="NanoProcessor_control_sets_placed.rpt"/>
  <File Type="PLACE-PRE-SIMILARITY" Name="NanoProcessor_incremental_reuse_pre_placed.rpt"/>
  <File Type="BG-BGN" Name="NanoProcessor.bgn"/>
  <File Type="POSTPLACE-PWROPT-DCP" Name="NanoProcessor_postplace_pwropt.dcp"/>
  <File Type="BG-BIN" Name="NanoProcessor.bin"/>
  <File Type="PHYSOPT-DCP" Name="NanoProcessor_physopt.dcp"/>
  <File Type="BITSTR-MSK" Name="NanoProcessor.msk"/>
  <File Type="ROUTE-ERROR-DCP" Name="NanoProcessor_routed_error.dcp"/>
  <File Type="ROUTE-DCP" Name="NanoProcessor_routed.dcp"/>
  <File Type="ROUTE-BLACKBOX-DCP" Name="NanoProcessor_routed_bb.dcp"/>
  <File Type="ROUTE-DRC" Name="NanoProcessor_drc_routed.rpt"/>
  <File Type="ROUTE-DRC-PB" Name="NanoProcessor_drc_routed.pb"/>
  <File Type="ROUTE-DRC-RPX" Name="NanoProcessor_drc_routed.rpx"/>
  <File Type="BITSTR-LTX" Name="NanoProcessor.ltx"/>
  <File Type="ROUTE-METHODOLOGY-DRC" Name="NanoProcessor_methodology_drc_routed.rpt"/>
  <File Type="BITSTR-MMI" Name="NanoProcessor.mmi"/>
  <File Type="ROUTE-METHODOLOGY-DRC-RPX" Name="NanoProcessor_methodology_drc_routed.rpx"/>
  <File Type="ROUTE-METHODOLOGY-DRC-PB" Name="NanoProcessor_methodology_drc_routed.pb"/>
  <File Type="BITSTR-SYSDEF" Name="NanoProcessor.sysdef"/>
  <File Type="ROUTE-PWR-RPX" Name="NanoProcessor_power_routed.rpx"/>
  <File Type="ROUTE-STATUS" Name="NanoProcessor_route_status.rpt"/>
  <File Type="ROUTE-STATUS-PB" Name="NanoProcessor_route_status.pb"/>
  <File Type="ROUTE-TIMINGSUMMARY" Name="NanoProcessor_timing_summary_routed.rpt"/>
  <File Type="ROUTE-TIMING-PB" Name="NanoProcessor_timing_summary_routed.pb"/>
  <File Type="ROUTE-TIMING-RPX" Name="NanoProcessor_timing_summary_routed.rpx"/>
  <File Type="ROUTE-CLK" Name="NanoProcessor_clock_utilization_routed.rpt"/>
  <File Type="ROUTE-BUS-SKEW" Name="NanoProcessor_bus_skew_routed.rpt"/>
  <File Type="ROUTE-BUS-SKEW-PB" Name="NanoProcessor_bus_skew_routed.pb"/>
  <File Type="ROUTE-BUS-SKEW-RPX" Name="NanoProcessor_bus_skew_routed.rpx"/>
  <File Type="POSTROUTE-PHYSOPT-DCP" Name="NanoProcessor_postroute_physopt.dcp"/>
  <File Type="POSTROUTE-PHYSOPT-BLACKBOX-DCP" Name="NanoProcessor_postroute_physopt_bb.dcp"/>
  <File Type="BG-BIT" Name="NanoProcessor.bit"/>
  <File Type="BITSTR-RBT" Name="NanoProcessor.rbt"/>
  <File Type="BITSTR-NKY" Name="NanoProcessor.nky"/>
  <File Type="BG-DRC" Name="NanoProcessor.drc"/>
  <File Type="RDI-RDI" Name="NanoProcessor.vdi"/>
  <File Type="WBT-USG" Name="usage_statistics_webtalk.html"/>
  <FileSet Name="sources" Type="DesignSrcs" RelSrcDir="$PSRCDIR/sources_1">
    <Filter Type="Srcs"/>
    <File Path="$PSRCDIR/sources_1/new/Add_Sub_Unit.vhd">
      <FileInfo>
        <Attr Name="UsedIn" Val="synthesis"/>
        <Attr Name="UsedIn" Val="simulation"/>
      </FileInfo>
    </File>
    <File Path="$PSRCDIR/sources_1/new/Adder_3_Bit.vhd">
      <FileInfo>
        <Attr Name="UsedIn" Val="synthesis"/>
        <Attr Name="UsedIn" Val="simulation"/>
      </FileInfo>
    </File>
    <File Path="$PSRCDIR/sources_1/new/Decoder_3_to_8.vhd">
      <FileInfo>
        <Attr Name="UsedIn" Val="synthesis"/>
        <Attr Name="UsedIn" Val="simulation"/>
      </FileInfo>
    </File>
    <File Path="$PSRCDIR/sources_1/new/FA.vhd">
      <FileInfo>
        <Attr Name="UsedIn" Val="synthesis"/>
        <Attr Name="UsedIn" Val="simulation"/>
      </FileInfo>
    </File>
    <File Path="$PSRCDIR/sources_1/new/HA.vhd">
      <FileInfo>
        <Attr Name="UsedIn" Val="synthesis"/>
        <Attr Name="UsedIn" Val="simulation"/>
      </FileInfo>
    </File>
    <File Path="$PSRCDIR/sources_1/new/Instruction_Decoder.vhd">
      <FileInfo>
        <Attr Name="UsedIn" Val="synthesis"/>
        <Attr Name="UsedIn" Val="simulation"/>
      </FileInfo>
    </File>
    <File Path="$PSRCDIR/sources_1/new/MUX_2_way_3_Bit.vhd">
      <FileInfo>
        <Attr Name="UsedIn" Val="synthesis"/>
        <Attr Name="UsedIn" Val="simulation"/>
      </FileInfo>
    </File>
    <File Path="$PSRCDIR/sources_1/new/MUX_2_way_4_Bit.vhd">
      <FileInfo>
        <Attr Name="UsedIn" Val="synthesis"/>
        <Attr Name="UsedIn" Val="simulation"/>
      </FileInfo>
    </File>
    <File Path="$PSRCDIR/sources_1/new/MUX_8_way_4_Bit.vhd">
      <FileInfo>
        <Attr Name="UsedIn" Val="synthesis"/>
        <Attr Name="UsedIn" Val="simulation"/>
      </FileInfo>
    </File>
    <File Path="$PSRCDIR/sources_1/new/Program_Counter.vhd">
      <FileInfo>
        <Attr Name="UsedIn" Val="synthesis"/>
        <Attr Name="UsedIn" Val="simulation"/>
      </FileInfo>
    </File>
    <File Path="$PSRCDIR/sources_1/new/Program_Rom.vhd">
      <FileInfo>
        <Attr Name="UsedIn" Val="synthesis"/>
        <Attr Name="UsedIn" Val="simulation"/>
      </FileInfo>
    </File>
    <File Path="$PSRCDIR/sources_1/new/RCA_4.vhd">
      <FileInfo>
        <Attr Name="UsedIn" Val="synthesis"/>
        <Attr Name="UsedIn" Val="simulation"/>
      </FileInfo>
    </File>
    <File Path="$PSRCDIR/sources_1/new/Reg.vhd">
      <FileInfo>
        <Attr Name="UsedIn" Val="synthesis"/>
        <Attr Name="UsedIn" Val="simulation"/>
      </FileInfo>
    </File>
    <File Path="$PSRCDIR/sources_1/new/Reg_Bank.vhd">
      <FileInfo>
        <Attr Name="UsedIn" Val="synthesis"/>
        <Attr Name="UsedIn" Val="simulation"/>
      </FileInfo>
    </File>
    <File Path="$PSRCDIR/sources_1/new/SevenSeg_LUT_16_7.vhd">
      <FileInfo>
        <Attr Name="UsedIn" Val="synthesis"/>
        <Attr Name="UsedIn" Val="simulation"/>
      </FileInfo>
    </File>
    <File Path="$PSRCDIR/sources_1/new/Slow_Clk.vhd">
      <FileInfo>
        <Attr Name="UsedIn" Val="synthesis"/>
        <Attr Name="UsedIn" Val="simulation"/>
      </FileInfo>
    </File>
    <File Path="$PSRCDIR/sources_1/new/NanoProcessor.vhd">
      <FileInfo>
        <Attr Name="UsedIn" Val="synthesis"/>
        <Attr Name="UsedIn" Val="simulation"/>
      </FileInfo>
    </File>
    <Config>
      <Option Name="DesignMode" Val="RTL"/>
      <Option Name="TopModule" Val="NanoProcessor"/>
      <Option Name="TopAutoSet" Val="TRUE"/>
    </Config>
  </FileSet>
  <FileSet Name="constrs_in" Type="Constrs" RelSrcDir="$PSRCDIR/constrs_1">
    <Filter Type="Constrs"/>
    <File Path="$PSRCDIR/constrs_1/new/nanoProcessor.xdc">
      <FileInfo>
        <Attr Name="UsedIn" Val="synthesis"/>
        <Attr Name="UsedIn" Val="implementation"/>
      </FileInfo>
    </File>
    <Config>
      <Option Name="ConstrsType" Val="XDC"/>
    </Config>
  </FileSet>
  <Strategy Version="1" Minor="2">
    <StratHandle Name="Vivado Implementation Defaults" Flow="Vivado Implementation 2018"/>
    <Step Id="init_design"/>
    <Step Id="opt_design"/>
    <Step Id="power_opt_design"/>
    <Step Id="place_design"/>
    <Step Id="post_place_power_opt_design"/>
    <Step Id="phys_opt_design"/>
    <Step Id="route_design"/>
    <Step Id="post_route_phys_opt_design"/>
    <Step Id="write_bitstream"/>
  </Strategy>
</GenRun>
